	0	1	2	3	4	5	6	7
Rpl22	1.016434	0.65009034	1.9240422	1.2481338	3.8829927	1.0386544	1.6521615	2.6125762
Brk1	0.9543879	0.45652053	1.3080397	1.4472857	1.8635303	1.0157315	2.5636482	1.5992405
Nnat	0.225272	0.07310302	0.04742657	0.2867163	1.0492942	0.91941345	0.19142742	0.12571232
Mmd2	1.9938436	0.07548449	0.06653042	0.1332022	1.1781944	2.9955487	0.5756457	0.057921525
Rps7	0.80289406	0.54997385	1.7067426	1.6401918	3.5070212	0.8573012	1.8228977	2.5799637
Cox7b	1.7074366	0.800099	0.9454212	2.3638005	2.5479069	1.1290472	1.9872553	1.7028362
Mt2	1.6881616	0.150325	0.049922924	0.05789439	0.5394132	0.15860833	0.12622605	0.4518642
Hspe1	2.0309367	0.522686	1.2026708	2.2818427	6.353604	1.7908999	3.594899	2.0062072
Slc1a2	1.2665846	0.024733698	0.026521128	0.06981171	0.18581022	0.043274615	0.106954664	0.056464314
Rhoa	1.1379827	0.66126287	1.5204401	0.38722706	1.4995092	1.4432518	2.3601809	2.802855
Rps3	1.0087842	0.47850198	2.7544894	1.783241	3.8966632	1.0471369	2.375154	2.805638
Bsg	0.25927165	0.2695179	0.2848214	0.2577421	0.33578876	0.43523884	0.28850093	2.2104793
Rps12	0.8221485	0.40655565	1.8914493	0.9378851	2.9649632	0.6779465	1.3610618	1.7140281
Uqcr10	1.931891	0.5929526	0.6515156	1.9677677	2.6600242	1.3536626	2.4149475	2.2945437
Atp5e	1.880215	0.7293891	1.1247138	2.2633379	3.9736602	1.7676322	2.5394337	2.68147
Marcks	0.48903814	0.16527915	1.2334183	0.58711416	2.6831183	1.4722053	0.72670746	0.49526381
Ndufa13	2.497099	0.64861524	1.027282	2.7841885	2.484654	2.5676444	3.2227628	2.4463367
Rpl6	1.0367124	0.43710476	3.0657306	2.006606	4.8590384	1.1039793	2.981707	3.1687415
Rps17	0.99504066	0.6750068	2.1590114	1.4556943	4.7467356	1.1305318	2.1876535	2.728496
Cd47	0.57554066	0.28069937	0.6512564	1.4782593	2.4108999	2.8137994	2.4625797	0.9039615
Ndufc1	2.1482337	0.5004702	0.66170406	2.6971853	3.986432	1.8811332	2.4570475	2.0968056
Cldn5	0.0055800346	0.10417388	0.0055727325	0.0018550067	0.052634258	0.09159808	0.01115752	0.64505315
Fau	0.9886165	0.5454188	3.5042434	1.6795702	3.6617887	1.1380365	2.2605832	2.699163
Cox7a2	2.0174594	0.6400393	0.9834353	3.308533	5.209271	1.3630955	2.9555657	2.441102
Ngfrap1	0.61456645	0.5490391	0.4616692	2.720836	4.3989816	1.231926	1.8471396	0.78462225
Ddx5	2.019213	0.5134376	3.0353088	2.517893	3.7183208	1.8668249	2.5810149	2.4866705
Atp2b1	0.15933117	0.12745085	0.3189508	1.3171018	0.2686305	0.11315892	0.40389952	0.39920157
Atp6v1f	2.0052152	0.77723813	2.6372383	2.9335368	3.1839683	1.8226312	4.1390753	3.059348
Aldoc	2.3580306	0.07554194	0.07902657	0.056248013	0.23106477	1.3391494	0.10741475	0.033515174
Arpc2	0.6291162	0.6135238	3.4828372	1.4355484	2.1123643	1.0740066	1.2167087	2.4139361
Vdac2	2.60781	0.7183069	2.7445571	3.3214808	4.073022	1.8588313	4.5848837	3.2394216
Tma7	1.2489562	0.5888863	1.4117881	3.146374	4.768533	1.5720847	3.421131	2.3602183
Uqcrh	1.7660497	0.97906154	1.2725791	2.6386042	3.43341	1.372769	2.7148938	2.8271742
Gria2	1.0588719	0.05747061	0.07132567	0.91485125	0.19582298	0.03995163	0.39524198	0.09948185
Ptprz1	2.2615464	0.054480053	0.0385492	0.10932392	0.8931895	1.1399493	0.50125533	0.0644273
Rap1a	0.10704482	0.12000496	0.4337286	0.16679244	0.4447786	0.21191022	1.9433603	0.4989169
Ldhb	1.6925851	0.13685924	0.76459444	0.93829936	1.2874448	0.646184	0.56820124	0.32139543
Aplp1	0.17065956	0.034598462	0.039205186	0.39176083	0.12100592	0.01936973	1.1061497	0.048890088
Eef2	1.2252363	0.6477333	1.8891162	1.8018442	3.4190388	0.61250377	2.4261808	2.3098657
Rpl34	0.9897932	0.8287906	2.40037	1.8783252	3.5960505	1.098931	2.4473681	3.2680516
Timm13	1.3183649	0.2899614	0.8016503	1.656138	3.4182265	1.2479434	2.6632643	1.9823893
Rpl38	0.55594194	0.5339707	0.7773205	0.98974156	1.7391448	0.57231545	1.0983983	2.3208082
Ndufb10	1.8479084	0.44578865	0.8216605	2.5587776	2.9758568	1.4547012	2.499916	1.967035
Rps5	0.80892026	0.53092474	1.9321634	1.5297077	4.5813484	0.8078834	1.9167876	2.3257403
Rtn3	1.1093286	0.19725616	0.4157954	1.3340569	1.239555	0.6383744	1.9148723	0.63862777
Mag	3.1944595e-07	2.9748833e-07	0.025922516	0.0039840266	1.799678e-08	1.1751512e-07	0.5339387	0.0039896467
Ndufb11	3.0652053	1.0151645	1.1946594	2.6686516	5.2332044	2.0806637	4.8806157	3.2662115
Mog	0.004972171	0.0047353418	7.6445616e-08	0.0033156225	0.0050213267	0.0016579523	0.456505	0.003315857
Lamp1	2.02892	0.43894935	2.7805853	0.38105434	1.1989386	2.1087775	3.4318237	1.1240516
Vtn	0.016908083	0.016232586	0.014111537	0.008482681	0.13730395	0.6660388	0.02856351	0.41160223
Arpc1a	0.25173616	0.17092079	0.18416779	0.33589938	0.4630477	0.53990376	1.9057276	0.44957224
Rpl10a	0.8546241	0.4320772	2.9556065	1.6971343	4.6658936	0.7506438	1.3918746	2.2428694
Atp1b1	0.17589793	0.0916618	0.084930256	1.146318	0.2966142	0.181031	0.112349264	0.154095
Rabac1	0.6319426	0.26996627	0.86951214	0.6816596	0.703801	0.7722037	1.4698325	1.5267384
Gatm	0.15068713	0.10977256	1.5801952	0.047195673	0.44087175	1.0996239	1.8784252	0.32022476
Edf1	1.8309656	0.70576334	1.2017497	2.225893	3.3577697	1.8833516	3.2784424	3.3953557
Rps26	0.9078564	0.57804483	1.6084054	1.9471825	5.791226	1.1564952	2.6357641	2.3097405
H3f3b	0.95620126	0.60620934	1.547192	2.4488027	7.5875454	1.8465657	2.4484665	2.776631
Ube2d3	1.0090563	0.9909813	2.1426702	1.4280288	3.711283	1.6685387	3.1311743	3.4612122
Sep15	1.6017555	0.5080216	1.266459	0.958756	3.290022	5.057842	3.6248605	2.2634292
Tpt1	0.9298661	1.1011995	1.476379	1.2494202	3.6590111	0.8067846	2.374861	2.4855175
Selk	1.9240075	0.9189796	1.392324	2.042306	2.643005	2.4803705	5.243268	2.4143147
Cyba	0.14475359	0.11780528	2.354181	0.0063241245	0.12015657	0.17783281	1.4892234e-07	0.74196696
Ckb	2.6891463	0.18623659	1.0275742	1.7681173	1.208307	0.8211365	1.3726926	0.4116811
Mpc2	1.051444	0.64999235	0.6196339	1.6630287	1.7721418	1.5276736	2.896808	1.1775819
Thra	0.5346032	0.1277705	0.14608769	1.3048773	0.6615246	0.58819866	1.9847705	0.48105794
Ndufs6	2.135184	0.90753037	1.1217233	2.7822552	4.9782724	1.9257531	4.092819	3.0786507
Glul	3.2323322	0.39666566	1.1254885	0.17025755	0.9938439	2.7749047	0.89996886	0.91653013
Hmgn3	1.9131944	0.22797881	0.18326311	1.6034719	3.078885	1.3948591	2.4206173	0.91637355
Tubb5	0.10577642	0.11493916	0.30519575	0.7013349	3.3163073	0.18941817	0.30685914	0.391215
Rpl31	1.2884989	0.6656726	1.9670894	2.2025952	5.6853437	1.5603446	2.6326005	3.2129369
Rpl19	1.0751636	0.63615906	2.1114295	1.7805797	4.281973	1.2632644	2.5461032	2.466736
Sirt2	0.15392716	0.019329175	0.105512105	0.05090719	0.17821132	0.21954271	1.0772095	0.14508793
Mal	0.0075515	0.01305477	0.0015117842	0.0060401876	2.3915723e-07	0.044045545	0.3943762	0.07722962
Rpsa	0.8545905	0.53472674	1.4510564	1.7441094	5.363322	0.9112205	2.8157415	1.7017426
Rpl18a	0.61465925	0.56543833	1.9160168	1.1531786	2.692415	0.7281751	1.4301196	1.801638
Myl6	0.23798683	0.59595895	0.43969056	0.52108216	0.5335703	0.25840825	0.5635695	2.2562926
Gltp	0.09667448	0.08242676	0.2988025	0.051266942	0.39413485	0.2774967	2.6579666	0.42826685
Zfp706	1.2015346	0.5847441	1.3914473	1.492316	2.226783	1.4107618	3.453327	1.5324903
Tcf4	0.9773225	0.24279763	0.3032993	1.4507405	2.946117	0.786575	1.5528127	1.3233557
Deb1	0.40560058	0.09637994	0.06790328	0.58630806	0.7205994	0.42378733	2.0167613	0.23450276
Ndufa7	1.6732044	0.5989805	0.8104867	1.8357537	2.5215354	1.7944096	2.7441235	2.7609022
Itm2c	0.9442548	0.1413621	0.9043919	1.1402994	0.6588078	0.9117774	0.523798	0.72026426
Rps29	0.73917276	0.6012563	2.0571835	0.9939216	2.5109127	0.7616205	1.1748809	1.5659642
Spcs2	2.7575388	0.6771829	2.8941667	1.623513	2.9406948	3.9072995	3.476621	2.0394695
Serinc3	0.525211	0.714105	7.8004317	0.5797417	0.6274424	1.3506573	1.0666246	2.639275
Cdc42	1.1270846	0.57006305	3.0158324	2.2652907	3.2561631	2.3637626	3.1408749	3.6146452
Ncam1	0.37467486	0.19830249	0.12854116	0.8856561	1.6600717	2.4912102	1.0067564	0.13939048
Cfl1	0.9110339	0.3186521	1.1300557	1.5620532	3.0539145	1.0133207	2.7135234	1.426261
Son	3.0724106	0.5172924	1.6571196	2.2569528	3.5923164	2.4606426	3.8405185	2.9170768
Tomm7	1.8207669	1.0679753	1.0421445	2.4329307	5.686472	2.0934439	2.1770265	2.8909197
Rpl36a	0.9244089	0.67636865	2.179384	1.5952836	4.579974	0.91156125	1.7864946	2.9314482
App	0.3036991	0.1745523	0.14010629	0.78841347	0.27240795	0.4201268	1.7400542	0.8546633
Sparcl1	2.2570238	0.21176136	0.06562251	0.20325421	0.41200978	1.6669294	0.16995104	0.83358
Nme1	1.1158463	0.37223867	0.6827227	3.127458	4.130801	0.90486103	1.9521592	1.2006382
Rps18	0.8313142	0.42821336	2.2560034	1.5700902	4.0791264	1.0015264	1.998444	2.7146704
Rps8	1.127538	0.572462	1.9889691	1.807065	4.866883	1.224799	2.4941747	2.8027933
Prdx5	1.409584	0.51000357	1.6498767	1.9238029	1.4517614	1.1678529	1.7263672	1.7435018
Atp5b	1.479046	0.65364367	0.9649669	2.2966437	2.6301823	0.73085034	1.4323766	1.8072232
Rpl11	1.1642045	0.52621555	2.5276995	2.1507442	5.0936146	1.2037334	2.0726461	2.4414597
Crip2	0.48198587	0.6155726	0.0495245	0.5345328	1.2349707	1.3312764	0.18499774	2.1716917
Fth1	0.5338315	0.3818969	0.566123	0.4191133	0.54817146	0.54418564	1.3244295	0.57682693
Ndufa3	1.2482871	0.43346632	0.53205585	1.3444041	1.7165394	1.0737292	2.0862453	1.4071243
Pcp4	0.07873216	0.11940625	0.09862952	0.52362484	0.13630334	0.06836112	0.14810301	0.08718718
Eef1b2	1.2410762	0.5483879	2.1472108	1.8285325	5.9622774	1.4265165	2.8711536	2.9802067
Uba52	0.71381015	0.982119	1.611961	1.3760709	3.6272585	0.7733927	1.2279276	2.0157337
Tceb2	1.7117368	1.2532048	1.1888148	2.9149911	6.253511	2.2295988	3.8011296	3.0218434
Smdt1	2.2552223	0.8745913	0.75701743	2.2893453	3.5972085	2.1397498	4.3422656	2.4162517
Elavl3	0.06475235	0.015341444	0.08938732	0.87558544	0.7516254	0.06476262	1.7371767	0.09496829
Sptssa	0.94332355	0.88544357	1.3414695	0.59694356	2.6502583	2.7197378	3.8141098	3.2707298
Oaz2	0.7836201	0.9681809	0.37575808	1.4650927	1.9400513	1.3875296	1.3766769	3.3335721
Sat1	1.0464298	0.18677025	1.8508489	0.12537798	0.86873007	2.8564663	0.47552663	0.8945021
Rpl23	0.9689792	0.664346	1.9720565	1.5682324	3.5574043	0.9209483	1.950133	2.459895
Prdx1	1.4997324	0.3765469	0.6901615	0.4091433	3.102994	3.7651706	2.4494627	1.6558622
Tspan3	2.2570517	0.2750347	0.63115287	1.034982	2.0316954	3.058827	3.4900482	0.66268015
Sys1	1.3171505	0.4207301	0.8303019	1.123783	2.3308866	3.476195	4.3010163	1.251706
Eif1b	1.5477556	0.42837384	0.7482175	1.7796165	3.6433673	2.9015687	2.6585348	1.1403037
Srsf5	1.9145272	1.1450702	2.2044103	2.8044775	4.1387053	2.7871177	3.3025389	3.9538865
Ptma	0.36514297	0.38468012	0.5917921	0.8761971	5.03617	0.47080803	2.014225	1.9910792
Ctsd	0.34889823	0.035411198	2.7804909	0.09184878	0.15386191	0.16603513	0.18970412	0.19731268
Ywhae	1.6238418	0.5836981	1.3218957	2.6380246	4.9075394	2.051634	3.3776522	1.7102698
Mt1	2.6023228	0.21280219	0.2837976	0.22509976	0.74614376	0.4952892	0.52028793	0.81666917
Rps3a1	0.8155081	0.6666766	2.2968667	1.8297381	3.7314894	0.95717067	2.087357	2.768556
Atp5f1	1.545678	0.51211613	1.3684918	2.3850844	4.87816	0.9167446	2.2511837	1.8099201
Pcsk1n	0.7727264	0.18257603	0.13779026	1.6580539	0.55274415	0.8308862	1.5726666	0.16381966
Ndrg4	0.05722121	0.0609071	0.06741075	0.9249852	0.12489524	0.053468417	0.11064343	0.11167954
Atp5j	1.9065386	0.72639436	1.0776536	2.594792	4.0807314	1.6992606	2.313391	3.5765827
Mien1	0.92636204	0.1611644	0.5534748	1.2753514	1.6542708	0.945878	2.8451128	0.88463664
Rpl41	1.2941983	1.4340659	1.7739383	1.7135966	4.733453	2.2041197	2.406914	2.970782
Uqcrq	1.6313903	0.53307897	0.8293505	2.2163637	2.9135635	1.472785	2.559497	2.1676226
H1f0	0.34764856	0.24850309	0.24541359	0.55739313	2.3174698	0.33241946	1.2085264	0.9640717
Mid1ip1	0.972997	0.1223826	0.49323678	0.1027938	0.6644915	1.0041149	1.8992224	0.508336
Rps14	1.2675619	0.66764694	2.3248029	1.9141117	3.4024148	1.2259674	2.0624747	3.1068783
Map1lc3a	0.7114603	0.21216848	0.4992565	1.5754467	0.95565945	0.76211905	1.907258	1.4285836
Prnp	2.1732447	0.2237418	0.06797677	0.86862606	0.82088953	1.5043967	1.4039971	0.8201465
Rpl37	1.0773236	0.5373295	2.1781638	1.8183804	4.1074286	1.2346787	1.9956243	2.628197
Igfbp7	0.02790515	0.13877891	0.012321955	0.03386439	0.090579465	0.3394102	0.043163918	1.1085392
Ndufb8	1.5958873	0.74911594	1.2914323	3.0500224	4.366542	1.837232	3.3788724	2.2237751
Ntrk2	1.9597921	0.05027199	0.06066399	0.33233014	0.68156904	0.58419245	0.18221363	0.11642753
Ndufa5	1.6251973	0.5472706	0.68063414	2.7342594	3.11877	1.8007315	1.9544709	1.9311081
Arl6ip1	0.8332999	0.3278614	0.91566646	0.7579053	4.4289436	1.2900102	1.4439837	0.563706
Pea15a	1.1377561	0.17034544	0.45720246	0.56171846	0.85927725	0.75278854	2.1228278	0.97482395
Snrpg	0.8047816	0.49494684	1.0277234	1.4924729	7.9663944	0.8685358	1.3937696	2.247497
Cd81	1.8846884	0.24588664	2.0498457	0.36115983	0.7372362	1.0614308	2.5679815	1.1566141
Med28	1.5075262	1.0462534	1.8384807	2.7000697	4.7497644	1.7327424	3.4155602	3.7420435
Itm2a	0.011483884	0.15944873	6.7338966e-08	0.008613446	0.026110925	0.060484145	0.020222906	0.99229455
Olig1	0.28651994	0.013037352	0.004566388	0.018251957	0.043480843	0.004562181	2.1377137	0.023062168
Eif4g2	1.2597018	0.35792786	1.0041704	1.9853227	4.596704	1.3640575	2.8659623	2.1420765
Rps27a	1.0519264	0.5797846	2.8488293	1.9860309	4.7965007	1.2299956	2.9908228	2.8667192
Arpp19	0.784918	0.41839477	0.7702612	0.9264593	2.3047917	0.8566913	2.0236082	1.6008234
Cox4i1	2.1992424	0.5480789	1.7144895	2.9360318	3.653968	1.3085394	2.9624393	2.3698385
C1qc	0.017778093	0.01261046	4.3691506	0.013234454	0.013378844	0.0088356985	0.008818265	0.018013768
Pfn2	0.37610376	0.06522427	0.077950135	0.6360556	1.382621	0.08342246	0.596976	0.12796254
Snhg11	0.040725566	0.038789257	0.055992782	0.46937877	0.056308705	0.024990754	0.06818963	0.06435485
Cnbp	1.7335681	0.6583284	1.72117	2.1436996	6.4449835	2.2189035	2.4633343	3.393295
Ranbp1	0.5670834	0.36276168	0.5596911	0.9041041	5.591906	0.76976633	0.8352934	1.1200606
Plp1	0.05836908	0.045001637	0.033633146	0.047117695	0.11635545	0.40412587	0.6759958	0.047568515
Hspa8	0.7515272	0.2852749	1.017624	1.3209556	0.9813702	0.5657548	1.2053387	1.3603956
Gnas	1.5980579	1.2574037	1.4829501	2.2136357	3.8829484	1.545146	2.1107547	3.5810351
Atp5c1	0.9371567	0.38195282	0.9370037	1.8671609	2.8100169	0.6936997	1.3314444	1.4531125
Atp6v1g1	1.0640833	0.5980058	1.6828583	1.8602878	3.0172575	1.6756425	4.121887	2.2248552
Reep5	0.5830881	0.09989002	0.7156248	0.49308962	0.48504502	0.090881854	2.0267043	0.46610278
Ogt	0.8860849	0.18258235	0.7456546	2.558849	1.2781549	0.80575114	0.9808468	1.2481062
Rac1	1.1815755	0.60254335	1.7074947	0.9364628	2.2646604	1.1945381	3.3922427	2.1928651
Dad1	1.716292	0.324349	1.4081378	1.5716194	2.6132832	1.7799939	2.6931639	2.3028555
Scg5	0.39354604	0.09969813	0.08840634	2.363989	1.0574491	0.2781337	1.1599909	0.15171826
Taldo1	0.28241995	0.46888632	0.57965463	0.26155195	0.8437617	0.6381493	2.857927	0.6170756
Gja1	1.8247699	0.07388916	0.04697926	0.045698967	0.537655	1.276719	0.03263671	0.24153815
Bex2	0.25025636	0.104761064	0.09807336	1.6697716	1.5942572	0.111144364	0.57768786	0.09869201
Ctss	0.027549589	0.017220866	2.7801588	0.0030095463	5.5281514e-08	0.0060284804	0.0090416735	0.006048102
Rplp1	1.2769854	0.78348184	2.4737709	1.7377328	4.9601336	1.5240048	2.3320746	2.6745906
Slc25a4	1.286331	0.33799747	0.66650593	2.1814015	2.6647987	1.6543181	2.047842	1.4890622
Gstm5	1.7311088	0.17639579	0.2117416	0.3167063	1.1917039	0.8034744	1.4307661	0.4123448
Rnf7	0.4939544	0.27169734	0.50001884	0.7709942	1.3941531	0.86475194	4.0409675	1.0824922
Nedd8	1.2826769	0.47825843	1.1974206	2.383088	3.96109	1.5849122	2.7385018	2.4914749
Meis2	0.21168275	0.073962584	0.15725638	1.5582193	0.6136582	0.079048164	0.22103047	0.13851361
Id3	0.41908416	0.15249598	0.019517785	0.029491706	0.12648462	0.44046125	0.0788871	1.1448429
Fus	1.9146261	0.7736604	1.9012178	2.9618447	4.194517	2.0611348	2.629855	2.9142191
Tuba1a	0.32832485	0.19503385	0.1735879	0.859629	2.3030534	0.5066417	1.4149479	0.47468883
Atp6v0e	2.3559885	0.42152172	2.0122297	0.44650933	2.9709828	1.6198037	3.4059978	3.260811
Rpl9	1.1964707	0.5042636	2.325364	2.1109674	4.2327604	1.3214293	2.092788	3.166027
Calm3	0.97448677	0.33040857	0.41990992	1.7326733	3.0572248	1.9613391	1.6204637	1.0512285
Rps25	1.1824808	0.67281663	3.1536932	2.3571827	5.5602317	1.3372352	2.3506873	3.3959312
Mlf2	1.8247889	0.46099785	0.8414195	2.479935	3.0609677	1.7306471	4.0963693	1.2899271
Meg3	0.07503283	0.0520741	0.08128575	1.1485679	0.14781266	0.095967144	0.16190557	0.19251457
Cpe	1.599936	0.17014624	0.07148416	0.4597821	0.65878147	0.49654523	0.25049964	0.40930393
Txn1	1.2185115	0.435058	0.83256006	1.8282937	6.218031	4.0662622	1.5194342	2.8152428
Tsc22d4	1.5780172	0.07541709	0.30485973	0.061618477	0.58878034	1.318036	2.244103	0.12147042
Swi5	1.2735002	0.5013078	0.7989649	2.1959066	5.03415	1.2980628	2.8048859	1.8135087
Srrm2	1.4814397	0.49666256	1.7848858	2.5312579	4.61628	1.7176796	3.1983764	2.880259
Spcs1	0.987087	0.28769302	0.6880827	0.9411375	2.1802702	1.234084	2.7931418	1.2335227
Jund	0.33290997	0.4789155	0.7482693	0.8726321	0.6227622	0.22253892	1.946584	1.2018496
Pomp	0.8359773	0.77195275	1.2064185	1.5729154	2.2406633	1.0291655	2.1405654	2.9587433
Car2	0.24337134	0.14051056	0.023191681	0.04459631	0.07794885	0.14425297	0.7021887	0.202909
Psmb1	1.0415032	0.35935548	0.8693005	1.138596	2.936453	0.67782956	1.8745235	1.6003665
Psap	2.0583923	0.1371831	2.3968878	1.0070633	0.6999982	1.0635984	1.1726236	0.71337557
Clta	0.7243128	0.5571468	4.187567	1.336081	1.9114586	0.71942407	1.6160524	1.5882889
Cst3	2.750854	0.13465007	5.572726	0.1960601	0.6302806	0.9229124	0.32766706	0.4749324
C1qb	0.010730108	1.0346419e-07	3.0569997	0.007094565	0.0107509615	0.00356321	0.0035498282	0.010721545
Rpl24	1.0793906	0.7558183	1.8762432	2.2317817	5.0835004	1.2295353	2.627174	3.129458
Prdx6	3.8191683	0.13978864	0.18553798	0.30121693	1.9531851	2.357733	0.7702566	0.49674803
Higd2a	2.014318	0.6560134	1.5925952	2.1034174	1.598968	1.9065139	2.873223	1.9765409
Rpl14	1.3130937	0.6386195	2.3897223	2.175355	5.8083315	1.716031	3.0972588	3.4283807
Rheb	1.5791813	0.93489045	1.3567616	2.9944632	4.5179667	1.4603372	2.189684	3.0912468
Rps6	0.43312448	0.42452237	1.8173127	0.91089356	2.0609376	0.65813875	1.3800614	1.8320031
Ndufa6	2.165947	0.7271588	1.3608519	3.1964715	2.9564357	2.020248	3.2595954	3.0655477
Ly6c1	3.480864e-08	0.16470273	0.0027407985	0.0054747937	6.573977e-08	2.3552746e-08	0.0027384316	0.8201282
Rps19	1.0384805	0.65725	2.2270126	1.8725257	4.9947805	1.2893821	1.8776098	3.0482433
Akr1a1	0.59517753	0.58811873	1.3273017	1.3626044	2.8243108	1.5049981	1.9907478	2.8400404
Cspg5	1.5311406	0.0864215	0.06502958	0.49743822	0.43648505	0.28605777	0.525297	0.081868954
Scp2	1.4618157	0.40341777	0.74704623	0.60026324	1.814474	2.0986748	1.7590696	1.340593
Ndufb5	1.1491205	0.24433146	0.7558951	2.1596274	2.1572819	0.77317435	1.5633901	1.7946746
Cox6b1	2.0102868	0.5193272	1.1785371	2.4070702	3.5473466	1.8928725	2.851864	2.6710076
Tmed2	2.3339415	1.0224477	2.3397808	2.4606938	5.351626	3.4370158	6.038319	3.596418
Sepw1	1.1093289	0.37360805	0.34345964	1.4468863	1.5362555	1.0483247	2.0108957	1.0983377
Rps9	0.9084293	0.7330227	3.062482	1.4099073	4.288843	0.9228685	2.2999117	2.5412583
Serpine2	1.7257513	0.1404516	0.6522253	0.28679132	0.580802	1.1730583	0.38637894	0.619035
Prdx2	0.7179306	1.4080831	0.32726634	1.2134548	3.119474	0.57026386	0.7141381	0.827987
Rpl10	0.7612318	0.4603999	2.6530256	1.358413	3.0353985	0.6660447	1.7132338	2.171967
Syt11	0.5539405	0.06850674	0.081893034	0.46162647	0.63203764	0.35456938	2.5790813	0.097737566
Cox6a1	1.9646297	0.75867915	0.8885698	2.2453103	2.951332	1.5197223	3.4488819	2.534167
H2afj	0.34914067	0.2818698	0.2948089	0.268548	0.60823333	0.4259519	1.3079231	0.38396809
Ndufa2	2.0390239	0.5698309	0.9205747	2.2591763	4.7032065	1.9179188	2.7359293	2.1886775
Wbp5	0.432583	0.288381	0.5305418	1.505421	3.0903294	0.5297729	1.1950611	1.4728005
Mbp	0.05287597	0.058590252	0.061470166	0.05348511	0.06869731	0.069994316	0.70763385	0.058724895
Scd2	1.0862234	0.05335005	0.09526283	0.27381277	0.59714943	1.6181254	1.9283323	0.1914085
Sepp1	0.7280633	0.2558055	1.4668024	0.058389556	0.36528644	2.4281666	0.5853584	1.220044
Rbm39	1.8143097	0.7131262	1.9222044	3.034843	4.0256257	1.6203747	3.4401562	3.048196
Lmo4	0.35718024	0.06306489	0.06995715	0.24854529	0.64763844	1.821547	0.12980273	0.19261464
Mif	1.0437751	0.4319038	0.6167109	2.2787168	3.46627	2.133247	2.4985335	0.9673002
Oaz1	1.7080324	2.756827	1.5265039	2.3459733	5.703207	3.0676231	3.3555682	2.8555393
Atp5a1	2.01523	0.62533057	1.1889597	2.5493224	2.844904	0.7232149	1.5610242	1.8844596
Tspan2	0.004447362	1.0936112e-08	0.006669074	0.011117337	0.013469753	0.0066641876	0.5196966	0.006670027
Ndufa11	2.0604436	0.62344646	0.7255707	3.3492043	3.3853908	1.7049538	2.6897314	2.3790977
Slc25a3	2.1483574	0.36625886	1.275046	2.7948637	2.7749135	0.9029107	2.0545285	1.9333352
Rps11	1.0689628	0.5659736	2.8480835	1.7263731	4.9916615	1.1437659	1.8141688	2.654315
Qdpr	0.07599335	0.027599014	0.048573095	0.06579482	0.08900608	0.070504546	0.81018054	0.09846814
B2m	0.5698795	0.22158206	4.883003	0.08410284	0.35040015	0.603294	0.21426328	1.9839585
Minos1	1.5853039	0.55560195	0.7349831	1.6067426	3.0991805	0.8174005	2.1250997	2.3974962
Rpl18	1.104048	0.50610656	2.357442	1.6308697	5.425451	1.1826383	2.6805272	3.1883829
Timm8b	0.69840026	0.22869131	0.3713373	1.4597273	1.082359	0.68101376	1.8277285	0.85859454
Tubb4a	0.02173956	0.03450418	0.0072474554	0.15253034	0.058551595	0.014493502	1.0963746	0.024237735
Ntsr2	2.7416124	0.051662453	0.073407546	0.036356702	0.27828214	0.27543554	0.05423344	0.043763842
Rpl28	1.2172697	0.549396	2.0826714	1.8410912	4.8406086	1.4185152	3.2980893	2.9621065
Atp5k	1.6759273	0.74179655	0.64168715	2.3685246	2.93007	1.0109915	2.4059238	2.0977683
Cox8a	2.435047	0.6003559	0.9446527	2.7273674	2.9063528	1.47914	2.4773755	2.1366956
Rpl4	0.93138623	0.5152698	2.1142488	1.7623998	4.394649	0.9621969	2.101249	2.316713
Ftl1	1.056789	2.2673118	3.0380836	1.171093	2.803792	1.6356673	2.4934173	1.9489701
Rps15	1.1009439	0.61807126	2.2392085	1.7491493	4.8101907	1.1794196	2.2547407	2.827111
Hist1h2bc	1.409735	0.2874907	0.12778544	0.29884076	0.628903	1.2585994	2.02396	0.40683034
Slc48a1	0.6140936	0.6934794	0.17861074	0.3707905	0.27216828	0.35093838	2.9310086	0.40914586
Apoe	1.641899	0.103743434	0.6842336	0.08114325	0.34836128	1.8912901	0.20039569	0.21782984
Hnrnpk	1.8128431	0.89634097	2.3906386	2.484727	7.766423	2.238705	2.7152395	2.6757083
Ndufb9	2.116904	0.52568966	0.83256537	2.5061228	2.969547	1.7839934	3.0327036	2.7140443
Psma7	1.1248934	0.49255186	0.9947204	2.0069578	4.2519436	1.2362564	2.6284416	2.6386282
Hnrnpa2b1	1.3177615	0.35630703	0.80879635	1.2332872	5.339094	1.13559	1.5878066	1.4015025
Rps4x	0.818406	0.43689132	2.5639012	1.2384373	3.9987392	1.0993093	1.4105799	2.3614979
Eef1g	1.390104	0.55039537	1.9849602	3.2714915	4.5062823	1.3108667	2.0652282	2.7128706
Gsn	0.070421025	0.03818456	0.016418962	0.009853976	0.17815277	0.39152828	0.864526	0.040752623
Slc6a11	0.98838323	1.38757645e-08	0.011995887	0.023866013	0.04436226	0.0047372878	0.011982829	0.024412544
Gpx4	1.3831131	0.6863854	0.7406671	1.3636981	2.1520836	1.4556727	3.2276158	2.4044516
Atp5o	1.7311893	0.5808068	0.9455668	2.3719647	4.2998996	0.9216754	1.8624579	2.029146
Ubl5	1.1547852	0.63278055	1.2317412	2.1032696	3.6592271	1.997709	3.0206187	2.422181
Rtn1	0.22443683	0.060504727	0.06716856	0.9543801	0.6852366	0.13979861	0.2731977	0.063997075
Sh3bgrl3	0.46160382	0.34401733	1.1978872	1.3579967	0.9788181	0.49412754	2.680949	1.7582339
Gpm6b	1.3149962	0.14869204	0.097587794	0.3531389	0.91814303	1.4791453	1.6063893	0.102553375
Rps21	1.1818815	0.7614073	1.6534599	1.6572518	4.1834607	1.0267239	2.3422318	2.307749
Pebp1	1.519404	0.41121787	0.80981076	2.8925476	4.8268833	1.5450736	2.2680435	1.1572224
Selm	0.48496857	0.29275545	0.21130486	1.7280349	0.37464088	0.6050968	1.4300842	1.0919755
Rpl32	0.82459825	0.4980369	2.3000476	1.5128248	4.5506444	0.9450973	1.782215	2.3315663
Rplp2	1.2364913	1.1059287	3.4268286	1.9620808	6.236106	1.3579069	2.593922	3.245396
Ypel3	0.5971029	0.8203312	1.2489716	2.7317648	0.9869154	1.0776597	2.6568313	1.5055282
Atp6v0b	1.6252204	0.36719108	2.3447187	2.4731038	1.5611249	1.3621145	4.130096	1.371349
Eif5a	0.57805395	0.4667679	0.9889255	1.8504089	4.058706	1.0880603	2.1842592	1.8222026
Rps10	0.9739964	0.5855831	2.7881322	1.3694875	5.799638	1.2460644	2.4296079	2.7134812
Sec62	1.2438735	0.4142282	0.7397556	1.6756817	1.5559689	1.7049668	2.4241886	1.606491
Sptbn1	0.46416825	0.31262606	0.07541937	0.96628344	0.28150108	0.34198037	0.48816982	2.3568332
Tmem59	2.1350875	0.4323667	2.5432007	1.2136872	1.5828743	1.553834	2.6989517	2.2141426
Tuba1b	0.485037	0.40000147	1.1243131	1.0939468	11.919779	1.545456	1.0289048	1.1640294
Hsbp1	1.5686259	0.4098937	0.93866396	1.8697544	3.0199842	1.6957549	3.896964	1.663973
H2afz	0.47396743	0.4429887	1.0394995	1.2755603	14.324763	0.6399073	1.2394295	1.4160919
Mrfap1	0.6725401	0.61728615	1.0142456	1.9168462	3.3303473	1.3953936	3.176761	1.56032
Rps28	0.5034357	0.2933399	1.3133258	0.95980036	2.4154356	0.54518205	1.118755	1.4079602
Ptms	0.64675957	0.37832355	0.6428444	1.9080478	3.4057803	1.2268944	0.83432764	1.7591563
Sparc	0.18499056	0.22590007	1.2902582	0.030023616	0.21522042	0.6267624	0.11262722	1.8607029
S100b	0.358133	0.048884954	0.03789206	0.04479602	0.2347231	0.7463823	0.93150663	0.045028195
Slc25a5	1.1808062	0.17934908	1.560734	0.8669536	2.307535	0.40582728	0.97934866	1.1801099
Psmb6	1.5388777	0.58244705	1.0961922	1.8247747	4.736679	1.2002181	2.6293483	1.9687212
Bmyc	1.4494542	0.35000274	1.828895	1.8260396	1.6330745	4.182543	1.8112313	0.9548572
Tsc22d1	0.22911467	0.45600274	0.07062563	0.51965654	0.430733	0.25762334	0.47934216	3.380087
Laptm4a	1.7882276	0.45738077	1.3231657	0.54119974	1.6136315	1.8591341	0.75108826	2.5611608
Cirbp	1.5917557	0.7683039	1.6558722	3.9495187	5.593435	2.2863977	3.2566757	2.2141123
Dbi	2.59917	0.2344702	0.19766116	0.12821136	1.4573895	3.027694	2.0421884	0.4658684
Snrpd2	1.2804105	0.86269957	0.9449714	2.2514486	7.0604706	1.2663248	3.0215406	2.1355138
Rpl8	1.1921144	0.73537225	2.2637002	1.996746	5.2909884	1.420403	2.5825913	3.1193678
Rps24	1.3525198	0.82129824	2.9377472	1.8060647	5.8371725	1.1873131	2.0650103	2.6948786
Pkm	1.4862508	0.34497184	0.74113774	1.7468702	2.0538456	0.85895807	0.9624573	1.6706972
Tmsb10	0.083739325	0.19335204	0.14410372	0.51517516	1.3565516	0.62949866	0.35456443	0.9370581
Fkbp1a	0.32456675	0.2403539	0.2913089	1.1724691	0.95992994	0.939978	2.9424756	1.1142149
Eif3h	1.0399148	0.5654463	1.6646125	1.9276302	3.4974282	0.69732356	1.7105218	2.528641
Chchd2	2.2385702	0.67820704	0.98829824	2.7106307	4.193008	1.7448024	3.3191547	3.073705
Atp5j2	1.9600164	0.7754237	1.1069714	3.1568184	4.533216	1.6814579	3.511991	2.752003
Cox5b	1.9823532	0.5499082	0.959141	3.225443	4.1392617	1.4541295	3.1555474	2.2246644
Hmgn1	2.0334122	0.8914799	1.4810933	2.5817883	16.833118	3.3063717	1.8057503	3.3159597
Psmb2	0.9892505	0.46097395	1.0730568	1.344389	5.468527	1.4173948	2.1337962	1.6616371
S100a1	1.7021093	0.17088363	0.20531029	0.051769998	0.60435736	2.091109	1.458283	0.6422468
Hint1	0.9887472	0.70863324	0.86431897	2.0809653	5.739147	1.0411334	2.7922316	2.2663188
Ubc	4.2554317	1.0182315	4.0516944	1.7712771	2.932952	2.4091027	3.1162975	4.2463245
Cox7a2l	1.4131932	0.69304323	2.3483799	2.415076	4.0290623	1.1804684	2.8720336	3.5251958
Rps20	0.84388804	0.48963034	1.5099034	1.0287031	3.5534954	0.9736051	1.7008871	2.1662781
Ttc3	0.51804566	0.100621805	0.2655464	1.9140936	1.2843359	0.5966098	0.52217925	0.44495744
Ptgds	0.02115881	0.027550206	0.016265744	0.012410496	0.05928311	0.1530795	0.10900657	0.042054746
Ctsz	0.41411868	0.07802914	3.7681985	0.075581715	0.47440234	0.18055841	0.21770641	0.39608485
Cmtm5	1.2616868	0.023574442	0.04161443	0.04226858	0.64449286	2.0960908	1.9155807	0.04158957
Vamp2	0.30136266	0.15705527	0.19735838	1.6924944	0.47803527	0.31035107	0.6630761	0.4016752
Tmem256	1.9047683	1.1123071	0.83433205	1.1537625	2.7000237	2.0199256	2.983889	1.5262864
Tmsb4x	0.33254895	0.31848013	1.7540469	0.65934116	1.5211896	0.5940133	1.3298004	1.638195
Rps16	1.2486769	0.73151433	2.379644	1.8713957	4.9318204	1.2828857	2.108004	3.3375094
Npm1	0.33297035	0.22420564	1.1667153	1.0844667	2.978151	0.45291734	0.9379031	0.9423865
Rpl17	0.908124	0.6333778	2.290454	1.9584702	4.133345	0.92537314	2.040323	2.4886987
Snx3	0.8644027	0.6580419	0.71408224	0.73028356	1.8912592	1.2763166	1.7043003	2.4587173
Rplp0	0.8813791	0.87385553	2.2994518	1.0477115	5.9587255	1.4534028	2.025697	2.3454673
Rpl7a	1.0633938	0.5649045	1.8242047	1.6465666	4.187502	0.8005835	2.0424972	2.2749996
Sec11c	0.3861212	0.13796245	0.49709222	0.2802145	0.58352304	1.0258651	1.5087506	0.55867124
Sept7	0.7876951	0.325308	0.41838175	0.68081164	1.5339322	0.6058874	4.62474	1.1240399
BC031181	1.5324852	0.2330151	0.7537215	1.8521147	1.6996777	1.7556053	4.2395964	1.6090441
Rpl37a	1.019318	0.6903453	2.0948944	1.6517419	3.988081	0.99043316	1.8959669	2.5442634
Dynll1	0.8716513	0.34910297	0.34727722	1.3795521	1.6846526	0.4108173	2.1554112	1.6656903
Aldoa	1.3863893	0.25855073	0.666562	2.474418	0.5694189	0.7021092	1.3025546	1.1480203
Lgmn	0.22056644	0.016748838	5.3452725	0.07092874	0.12433143	0.08839194	0.44239512	0.15636167
Rab14	1.1455559	0.24278492	1.8771094	1.998009	2.7412212	0.88307434	2.8042362	1.5926465
Gnai2	0.6406526	0.09873742	0.6478018	0.20200129	1.0618196	0.49539226	0.87160283	1.5132405
Ndufb2	2.2987466	0.6737198	0.6987817	3.514474	3.1062737	1.5945683	3.3230433	2.3733025
Rps2	1.181429	0.7608945	1.7446985	1.6472989	4.8967724	1.1075045	2.3900983	2.3554816
Fabp7	0.76581615	0.05506917	0.06731822	0.049397144	0.53799635	3.3283846	0.16504744	0.05534428
Cryab	0.06056572	0.028355919	0.01792227	0.015910428	0.050017968	0.23092893	1.1330115	0.11638598
Rpl21	1.0036622	0.7142935	2.4370444	2.01307	5.0520134	1.2675368	1.8184139	2.3483908
Rpl13a	1.1793367	0.54203516	2.500418	1.8035303	4.5481257	1.3326801	2.2126694	3.08398
Rpl13	1.4098824	0.8867015	2.999868	2.270296	5.0983357	1.8161815	3.3826942	3.503925
Qk	1.6293275	0.21613592	0.66532886	0.296606	0.9527638	0.7593092	5.2718306	0.7170948
Cisd1	1.0663441	0.2578959	0.3965759	2.0968602	2.2142818	0.6781256	3.5669255	0.86803967
Ndufa1	1.8220692	0.8050354	0.9031934	2.7883422	3.1382906	2.4705153	2.2597878	2.5896697
Ndufv3	1.1633723	0.4863068	0.76686627	1.6173294	1.8074988	1.4165251	1.966133	1.6548287
D8Ertd738e	2.2116847	0.8687048	1.1012021	1.7125566	3.827224	2.3262746	4.861159	3.470676
Cox7c	1.9745357	0.49685448	0.9600104	2.9688306	4.3266273	1.3925761	3.0645251	2.011461
Sumo1	1.6224325	1.235696	1.2800148	4.0614896	8.222482	3.0925283	5.0060587	3.7880862
Stmn4	0.020340953	0.024912262	0.026421966	0.30218247	0.13622573	0.0145284785	0.85806304	0.03197923
Ctsb	1.0356241	0.21275602	3.0286436	0.39903358	0.4298478	0.50079566	1.074365	0.44089234
Atxn7l3b	1.7200613	0.4590108	0.7230151	2.590113	2.7529361	1.325261	4.93311	1.5450993
Mt3	2.732395	0.08184347	0.09183129	0.33261007	0.1853174	0.10262161	0.13120425	0.09355479
Tspan7	3.002257	0.07102509	0.2954239	0.6754398	0.777474	0.6061971	0.55251354	0.13854314
Arf1	0.855904	0.5057984	1.7484205	2.0976765	2.8160408	0.98958087	1.8406322	2.5203178
Slc1a3	5.728224	0.086660095	0.34028888	0.22439082	1.5008807	1.4925913	0.47704336	0.29493606
Fcer1g	0.018803902	0.017632267	3.3380845	6.784364e-08	0.037412424	0.018737543	0.012346852	0.031551007
Clu	1.676866	0.034085687	0.016120642	0.1281776	0.07557564	0.0119298715	0.06811184	0.07479089
Uqcr11	2.4815662	0.6461372	0.68499875	2.0794263	2.7929897	1.8012843	2.980245	2.4680429
Ndrg2	2.3880723	0.1517747	0.08307276	0.13882802	1.1291125	1.5023929	0.24901094	0.21977983
Atp5d	1.7085934	0.3202745	1.05426	2.1465495	2.9456458	1.2286179	2.1774228	2.4793847
Cd63	1.5906568	0.16132267	1.0234078	0.15441911	1.0220721	1.5554992	0.79675305	0.49619097
Rpl7	0.8109415	0.6427	2.2215717	1.7220016	4.031892	1.0115569	2.1374953	2.4914641
Cox6c	1.6541044	0.7236075	0.7855995	2.5405915	3.3074198	1.6976882	3.1162784	2.215919
Cnp	0.079487436	0.023914455	0.033486184	0.01666614	0.06595195	0.08319057	0.89416194	0.02846478
Tmbim6	2.8142729	0.5670501	3.053525	1.1398497	2.4854844	4.1478133	4.240928	2.5227041
Atp5h	1.4359974	0.7018778	0.91352606	2.204395	2.964158	1.3979858	2.7381353	2.1790228
Rtn4	0.3266595	0.16058858	0.54564565	1.6923109	0.98030674	0.22656877	2.3280213	0.47251064
Rpl3	1.1637557	0.5200804	2.45754	2.8165593	4.67346	1.1896112	2.36436	2.6718547
Ndufc2	2.5929983	0.4024848	1.196755	2.6365943	6.5649076	1.7293644	3.2014356	2.0371275
Ppia	0.522882	0.20367774	0.77626306	0.88621116	1.5111183	0.5476283	0.80917114	0.9033978
Apod	0.02022991	0.02379245	0.010156131	0.0080990605	0.14081363	0.79361326	0.37815893	0.11848006
Bnip3l	0.6412331	4.08894	0.97761023	1.2822113	1.7028943	1.1483903	2.8554265	2.6030016
Rpl35	0.52248186	0.50479	1.4079713	0.99769694	2.011401	0.7011593	1.1645718	1.5355691
Calr	1.5896206	0.21212362	1.5703362	1.4207838	1.1505907	0.9407014	2.0144496	1.614476
Sept4	0.026360001	0.0763268	0.026445014	0.09974116	0.08985797	0.10675432	1.0664613	0.36318317
Myeov2	1.8453563	0.4542631	1.0369486	1.7031094	3.2901158	2.2770984	3.6554742	1.697183
Hexb	0.03365989	0.025254358	1.7462794	0.01327988	0.040937345	0.01768267	0.02209973	0.02893989
Pfdn5	1.5481356	0.815261	2.632299	2.445024	4.573874	2.1362703	2.5318904	3.600073
Fam213a	1.111984	0.6264987	0.14278217	0.37697357	1.168801	3.2436247	0.6725918	0.18356887
Pabpc1	0.42261854	1.8763622	1.6894006	0.8065226	3.9559581	1.7395599	0.83187157	1.1965691
Eef1a1	0.69968116	0.32205862	1.8519038	1.5022043	2.8700454	0.6992979	2.2033944	1.838848
Ybx1	0.72574544	0.7134498	1.0889069	1.5853955	6.487888	0.8575323	2.144271	2.0945907
Golga7	0.41878468	0.31073603	0.3873296	0.45762274	1.0069153	1.7935097	3.8043172	0.4991426
Gabarapl2	1.1824491	2.2045715	0.753612	2.4292681	2.557427	1.2233907	4.1305203	2.5088243
Ttyh1	2.3034444	0.14134324	0.104532026	0.38261595	0.6475387	1.7269864	0.6235073	0.07734405
Cox14	1.9703176	0.46104375	0.8897749	3.0375185	3.8809552	2.626207	3.1868296	2.4992206
Atp1b2	2.7394836	0.10805861	0.07927569	0.26836047	1.0050642	1.5053533	0.19058517	0.49968114
Sub1	1.9552971	0.87687784	1.3180957	2.3065574	4.76836	1.8441849	2.2937973	2.5484633
Eif3f	0.9324282	0.6330062	2.184071	2.0437307	4.5230303	1.0278612	2.8004208	3.3330104
Ndufs7	1.8874198	0.506014	1.3548088	3.1290915	3.332459	1.469428	3.1950567	2.404376
Cox5a	1.2763178	0.47334138	0.7475987	2.780892	3.6154099	0.76269233	1.7963114	2.008678
Trf	0.011304334	0.006461461	0.4731202	5.9670015e-08	1.7402857e-07	0.002259023	0.5624678	0.01588877
Rps15a	1.0822256	0.65556705	2.6646283	1.4541118	5.050206	1.1752222	1.8840965	2.6789112
Pkig	0.6065701	0.37487805	0.9126649	1.9028773	2.265546	2.1527858	0.48184896	1.386106
Naca	0.99370164	0.6349374	1.9611998	2.4500885	5.977366	1.4023083	1.946062	3.3502908
Junb	0.029313104	0.06880199	0.6287862	0.15334351	0.047532603	0.098222606	0.039462473	0.33097798
Calm1	0.82204336	0.39957365	0.61986375	2.0910122	1.6661445	0.61457646	1.9094639	1.8580887
Actb	0.56355494	0.3619032	1.2068797	0.9652464	2.870188	0.40755072	1.6688888	1.2980115
Jun	0.13822192	0.050985664	0.5702889	0.13141923	0.29133585	0.1621572	0.24736564	0.4973772
Snca	0.019490821	0.4380949	0.030947331	0.45881677	0.08606357	0.025264822	0.08303997	0.039798595
Rps23	1.1793753	0.5783714	2.6351113	1.8727256	4.2709785	1.0808735	2.1255438	2.5506415
Gabarap	1.1739857	0.53226507	1.4304442	1.0685163	2.0597057	1.3560617	2.8840444	1.7600179
H3f3a	0.86975896	0.81248426	0.96355975	1.4736179	5.880135	0.9694077	1.3049188	1.5244014
Rpl39	0.34012124	0.24118859	1.0986506	0.6341613	2.5341885	0.41088548	0.75707316	1.0244093
Eif1	1.8765208	0.97186553	1.5230097	2.302561	3.504248	1.5085796	4.0273485	2.7084165
Marcksl1	0.21388605	0.15723345	0.45863178	1.0133059	2.7025266	0.9403043	1.8262743	0.18348262
Ubb	0.39759192	0.38916826	0.49165076	0.6118181	0.8291966	0.42840868	0.65501356	0.6361385
Srp14	1.221204	0.80308145	0.9258312	1.8836628	3.2391386	1.644697	4.388276	2.5099492
Cldn11	0.004452057	3.9392443e-08	0.0029669257	0.005940452	0.008997442	0.0044518663	0.48483354	0.025756067
Calm2	0.39056545	0.4628096	1.2756433	3.6255949	2.7954042	0.61681825	1.088084	1.0669922
Ndufa8	1.462099	0.37464595	0.8171331	2.3915534	2.4258556	1.1494511	3.0620813	2.597045
Itm2b	0.91501343	0.27853304	4.4632134	0.7241959	1.0917192	2.6299982	1.1151751	1.3177601
Tecr	0.923408	0.2831377	0.8128503	1.3513175	1.4674705	1.2608019	2.1432118	0.6835836
Dynlrb1	1.250643	0.65314764	0.76116186	2.5659626	3.3802936	1.4469838	3.5049598	2.1180549
Gnb2	0.61377066	0.16814402	0.8716194	0.94354826	2.6211488	0.50143534	1.7177831	1.0701329
Ndufb7	1.8841593	0.6087308	1.1779872	2.311874	4.1438813	1.5645033	3.9358807	2.8792403
Eif5	1.2398741	1.283347	0.7882126	1.5740645	2.5864854	0.88054466	1.6690575	1.240157
Cnn3	1.0330824	0.21396445	0.06256476	0.2916231	2.0296934	3.00808	0.5618895	0.7630704
Map1lc3b	3.3619528	3.0356462	1.6545521	3.1961064	4.538727	3.7885478	5.871222	4.391565
Ndufa4	2.1338594	0.69377	0.7310956	3.40913	3.196219	1.1180079	2.460211	2.005014
Eif4a1	0.7025068	0.64642435	1.7374289	1.9966122	6.645896	0.934525	2.4996285	1.4102154
Dynll2	0.15854938	0.124855675	0.1458726	0.41723546	0.7027315	0.45379215	0.71987224	0.2051986
Chchd10	1.003993	0.081069835	0.14616159	1.0665413	0.12928444	0.20435809	0.14748101	0.21884508
Hsp90ab1	0.6375535	0.30536383	0.7452594	1.179921	2.3838792	0.7128565	1.5880779	1.1665378
Atp1a2	1.5486917	0.030581761	0.04307642	0.029590987	0.35380062	0.96506023	0.18118697	0.562511
Npy	0.02816379	0.025746364	0.02462246	0.022714159	0.16324727	1.891316	0.028236361	0.013697908
Atox1	0.6556746	0.52261794	0.7940972	0.5416092	0.97889775	0.6446754	1.1750886	3.0939877
Fis1	0.7591513	0.5501831	0.6033902	0.82652336	1.3984274	0.9372773	2.9846709	1.1524256
Atraid	1.558324	0.21335489	1.2029395	0.62247914	1.5381303	1.5748202	1.8288153	1.2663022
Rps13	1.034822	0.613175	2.3968124	2.0367296	4.8269005	1.0722942	2.1163335	2.5335581
H2afv	1.2718146	0.37909263	0.43588704	1.2339606	21.481571	2.1085591	1.4751704	2.339808
Anapc11	0.9047188	0.5511241	0.8232363	1.5026945	4.0037775	1.5402323	3.150507	2.0231905
Park7	1.4028971	0.75432956	1.0594606	1.9751215	3.9463603	1.1926354	2.400877	1.9308672
Atp5g1	1.4347192	0.4824233	1.073593	3.3140607	2.5988913	1.1410593	2.1855488	1.5209602
Rpl36	0.9454206	0.6776286	1.5542186	1.5524399	3.589921	0.9215185	1.9626031	2.5998292
Atpif1	0.5428428	0.65452445	1.0103347	2.5769956	4.3243475	0.7445457	1.4584998	1.2016501
Paip2	1.509918	1.9027206	2.2679484	3.2129774	7.4282994	3.322031	6.8054705	4.161392
Pllp	0.005611699	0.08264012	4.7904006e-08	0.005607341	2.342474e-07	0.0056135217	2.725967	0.28378272
Rbx1	1.4050522	0.8067531	0.9691607	2.2644744	4.7042985	1.7212999	3.7580073	2.4319415
Tmeff2	0.014061114	8.400813e-08	0.007029115	0.14109579	0.08521293	0.14393176	1.0507317	0.017818214
Rpl23a	1.2734596	0.7126235	2.782661	1.9782137	5.432847	1.6015971	2.3108919	2.8476446
Ndufab1	1.6759987	0.60907966	1.0433893	2.785913	3.9499722	1.3029017	3.0825129	2.1008122
Gng11	0.06876375	0.119426936	0.006214604	1.1575258e-07	0.028253248	0.031212868	0.7091146	0.9828388
Sec61b	1.9890566	1.0923501	1.7086779	1.9834663	5.435855	3.1692781	3.4810975	5.136672
Cox17	1.1545856	0.80416566	0.9364445	2.7471707	2.9359713	1.137218	3.591371	2.1014783
Tmem234	1.3060073	0.5805937	1.3232478	1.8728323	2.6988213	1.40067	4.221276	2.1949966
Coa3	1.6864132	0.5703225	1.055396	3.1276715	3.4611456	2.009971	3.211954	2.9613152
S100a16	1.4222755	0.27938494	0.075270236	0.09246223	1.2325635	1.8799165	2.7568038	0.96893823
C1qa	0.008602812	0.00808298	3.1885908	0.0141419815	0.00857056	0.005674316	0.005656802	0.0114898095
Arpc1b	0.10051939	0.18658882	1.1128292	0.027732564	0.16911	0.37746382	1.0222474	1.0452522
Ptn	0.8716199	0.20052008	0.06422908	0.15449214	0.50817794	4.7455635	0.7845861	0.7957408
Gng12	0.4809028	0.19069144	0.24876443	0.073124304	0.50851655	0.41883272	2.099483	0.6009655
Josd2	0.082295254	0.15009056	0.07167334	0.08892347	0.32159096	0.32323268	2.0651789	0.15151195
Rpl27	0.9984045	0.6263725	1.7213933	1.7184709	4.500207	1.2237185	1.9131544	3.0007327
Ctnnbip1	2.047811	0.30651593	0.34052244	0.35511464	0.90631413	1.0967793	1.2061989	1.2363608
Npc2	1.6789777	0.23569304	3.9914382	0.31279463	2.0266497	1.9244062	3.9565158	1.1112633
Ly6e	0.0052092005	0.28145227	0.9743368	0.11234793	0.04808631	0.03126846	0.041670904	1.508097
P2ry12	0.032479614	0.011554315	2.2818315	0.016161488	0.024500879	0.024261015	0.0121270865	0.012296931
Ppp1ca	0.9133925	0.42635432	1.4964821	1.2964277	2.4661515	0.5734362	2.204114	2.1369662
Zbtb20	2.14007	0.32099667	0.25075608	0.7731236	4.5471425	1.8991663	1.0524952	1.2584966
Hes5	0.7668736	0.023856398	0.045760017	0.02071078	0.42002457	0.9686237	0.09337125	0.033591807
Usmg5	0.94102067	0.24909063	0.62790495	2.7334614	2.2306085	0.72382826	1.9405951	1.3350358
Shfm1	1.0054686	0.7055628	0.8240357	1.4285418	5.3307996	1.4813396	2.2780147	2.8330839
Shisa4	0.48841318	0.03494618	0.048674557	0.48917186	0.52812177	0.5112044	2.6031945	0.054916836
Tyrobp	0.016427198	2.6573386e-07	2.6920707	3.4505993e-07	1.1516603e-07	0.012192722	0.008092153	0.024699334
Rpl12	0.66200787	0.4016406	1.9985079	1.1261263	3.2975006	0.61422986	1.1731777	1.9176949
Flt1	0.002324183	0.124901325	8.96947e-08	0.0023267418	6.4974614e-08	0.0023274901	0.0023219464	0.57568175
Cystm1	1.086591	0.26114872	0.11786017	1.3366007	0.5925737	1.180104	2.4174752	1.0497104
Myl12a	0.24815212	0.3479584	0.75317866	0.20084025	1.140805	0.4718413	0.54292846	3.1946337
Cd9	0.45279056	0.059858352	0.80302143	0.020461572	0.55053335	0.72511077	0.85979456	0.10800592
Pfn1	1.0053207	0.4947074	2.5780149	1.0516768	3.2077904	1.3390207	3.4910421	2.7655027
Mobp	0.02394341	0.022961397	0.013251923	0.015845157	1.9146722e-07	0.017268818	0.3954092	0.021141596
Rgs5	0.025709806	0.047515824	0.0019512812	0.0039067767	0.011836506	0.0019532212	0.009787994	0.3422713
Arf5	1.448046	2.3883588	1.3680223	3.4013202	4.3636217	1.9327434	3.1211488	2.8469727
Rgcc	0.7210212	0.16980997	0.026739432	0.026562622	0.35616845	1.3158879	0.23998693	0.47357735
Spock2	0.04860726	0.16344127	0.014883419	0.14831185	0.0917161	0.19604398	0.079463944	0.9596078
Fez1	0.5314851	0.14286289	0.06301701	0.5936991	0.6404978	0.53467256	2.1873696	0.057762317
Ost4	1.9614224	1.2933663	1.4981344	1.5170865	3.8395045	2.8937316	3.3360786	3.762125
Ppp1r14a	0.0022431903	0.0063878302	6.73346e-08	2.563934e-08	5.0824852e-08	0.002235161	0.48969722	0.059366733
Rps27	1.2208722	0.66214085	2.4693034	1.6899643	3.5031931	1.476946	1.8339773	2.8541982
